date,n_open,day_pct,cum_pct,deploy_pct,detail
2026-09-01,10,0.0508,0.05079999999999529,30.0,XIFR -2.25% (held); XOM +2.24% (held); YPF +1.71% (held); BP +0.00% (opened); COPX +0.00% (opened); GDX +0.00% (opened); GDXJ +0.00% (opened); IHF +0.00% (opened); PAM +0.00% (opened); SILJ +0.00% (opened)
2026-09-02,16,0.596,0.6471027679999963,48.0,XIFR +1.45% (held); XOM -0.24% (held); YPF +2.76% (held); BP -1.21% (held); COPX +0.74% (held); GDX +3.13% (held); GDXJ +4.72% (held); IHF +0.38% (held); PAM +2.78% (held); SILJ +5.36% (held); ENZL +0.00% (opened); EWA +0.00% (opened); EWC +0.00% (opened); PINK +0.00% (opened); PSCH +0.00% (opened); XLF +0.00% (opened)
2026-09-03,25,0.3217,0.9708844976046516,75.0,XIFR +0.92% (held); XOM -1.18% (held); YPF -2.78% (held); BP -0.80% (held); COPX +1.50% (held); GDX +3.95% (held); GDXJ +3.34% (held); IHF +0.61% (held); PAM -1.94% (held); SILJ +2.37% (held); ENZL -0.06% (held); EWA +1.13% (held); EWC +1.96% (held); PINK +0.38% (held); PSCH -0.24% (closed); XLF +1.56% (held); BAC +0.00% (opened); CPER +0.00% (opened); CRWD +0.00% (opened); EWG +0.00% (opened); GRNY +0.00% (opened); IAK +0.00% (opened); JPM +0.00% (opened); PSP +0.00% (opened); RSP +0.00% (opened); SNOW +0.00% (opened)
2026-09-04,25,-0.6182,0.34668248964044857,75.0,XIFR +1.08% (held); XOM -1.69% (held); YPF +0.40% (held); BP +0.53% (held); COPX -0.65% (held); GDX -2.20% (held); GDXJ -2.49% (held); IHF -1.00% (held); PAM +0.07% (held); SILJ -2.19% (held); ENZL +0.31% (held); EWA -0.46% (held); EWC -0.69% (held); PINK -0.32% (closed); XLF -0.79% (held); BAC -0.57% (closed); CPER +0.10% (held); CRWD -0.87% (held); EWG -0.07% (held); GRNY -0.07% (held); IAK -1.56% (closed); JPM -0.94% (held); PSP -0.65% (closed); RSP -0.48% (closed); SNOW -5.41% (held); EWN +0.00% (opened); FXI +0.00% (opened); IWC +0.00% (opened); SPMO +0.00% (opened); WEAT +0.00% (opened)
2026-09-08,20,-0.0266,0.31999027209821396,60.0,XIFR +0.91% (held); XOM +0.75% (held); YPF +0.89% (held); BP +2.44% (held); COPX +4.10% (held); GDX -0.86% (held); GDXJ -1.15% (held); IHF -0.82% (held); PAM +1.64% (held); SILJ -0.41% (held); ENZL -2.39% (closed); EWA -0.76% (held); EWC -0.89% (held); XLF -1.38% (closed); CPER +1.55% (held); CRWD -1.45% (held); EWG -0.73% (closed); GRNY +0.25% (held); JPM -1.43% (closed); SNOW -0.50% (held); EWN +0.26% (held); FXI -2.45% (closed); IWC -0.74% (closed); SPMO +0.50% (held); WEAT +1.77% (held); TUR +0.00% (opened)
2026-09-09,17,-0.0239,0.29601379442318887,51.0,XIFR -4.33% (held); XOM +2.22% (held); YPF +2.86% (held); BP +1.78% (held); COPX +0.94% (held); GDX +1.08% (held); GDXJ +1.34% (held); IHF -0.37% (closed); PAM -0.32% (held); SILJ +1.24% (held); EWA -1.27% (closed); EWC -0.81% (closed); CPER +1.18% (held); CRWD -1.06% (closed); GRNY -1.06% (held); SNOW -1.20% (held); EWN -1.15% (closed); SPMO -0.11% (held); WEAT -2.52% (held); TUR +0.77% (held); DKL +0.00% (opened); TER +0.00% (opened)
2026-09-10,12,-0.7341,-0.4402592428416785,36.0,XIFR -2.05% (closed); XOM +0.61% (held); YPF +2.66% (held); BP +0.88% (held); COPX -6.99% (closed); GDX -3.46% (held); GDXJ -3.98% (held); PAM +2.96% (held); SILJ -4.04% (held); CPER -4.90% (closed); GRNY -1.29% (closed); SNOW -0.53% (held); SPMO -1.84% (closed); WEAT +1.64% (held); TUR -1.20% (held); DKL +0.60% (held); TER -3.52% (closed); ABBV +0.00% (opened)
2026-09-11,20,-0.0553,-0.4953157794803875,60.0,XOM +0.46% (held); YPF -0.91% (held); BP +0.04% (held); GDX +1.11% (held); GDXJ +1.06% (held); PAM -2.17% (held); SILJ -0.52% (held); SNOW -0.22% (held); WEAT -1.72% (held); TUR +0.37% (held); DKL -0.18% (held); ABBV +0.83% (held); BRK-B +0.00% (opened); JPXN +0.00% (opened); MSFT +0.00% (opened); SCJ +0.00% (opened); SLX +0.00% (opened); TER +0.00% (opened); XLG +0.00% (opened); XLK +0.00% (opened)
2026-09-14,23,-0.7677,-1.2592132402413192,69.0,XOM -0.55% (held); YPF +1.40% (held); BP -0.37% (held); GDX -3.05% (closed); GDXJ -3.60% (closed); PAM +0.14% (held); SILJ -3.71% (closed); SNOW +1.02% (held); WEAT -0.30% (held); TUR -1.66% (closed); DKL -0.72% (held); ABBV +1.81% (held); BRK-B +0.90% (held); JPXN -0.44% (held); MSFT +1.97% (held); SCJ -0.02% (held); SLX -2.62% (closed); TER -13.30% (closed); XLG -0.68% (closed); XLK -1.81% (closed); ARKG +0.00% (opened); BDRY +0.00% (opened); CIBR +0.00% (opened); CRWD +0.00% (opened); IAK +0.00% (opened); IGV +0.00% (opened); IHF +0.00% (opened); KO +0.00% (opened); SBSW +0.00% (opened); SKYY +0.00% (opened); V +0.00% (opened)
2026-09-15,23,0.1629,-1.0983644986096608,69.0,XOM +2.57% (held); YPF +2.27% (held); BP +2.24% (held); PAM +0.18% (held); SNOW -2.82% (closed); WEAT +0.57% (held); DKL +0.35% (held); ABBV +0.49% (held); BRK-B +0.35% (held); JPXN -0.91% (held); MSFT -1.64% (held); SCJ -0.41% (held); ARKG +1.94% (held); BDRY +0.20% (held); CIBR +0.95% (held); CRWD +3.02% (held); IAK -0.48% (closed); IGV -1.02% (held); IHF -0.97% (held); KO -0.72% (held); SBSW -0.59% (held); SKYY -0.25% (held); V +0.09% (held); JNJ +0.00% (opened); PBF +0.00% (opened)
2026-09-16,24,-0.6078,-1.699488639187119,72.0,XOM -3.54% (held); YPF -5.14% (held); BP -3.36% (held); PAM -3.11% (held); WEAT +0.87% (held); DKL -0.76% (held); ABBV -0.20% (held); BRK-B +0.59% (held); JPXN +0.18% (held); MSFT -1.37% (closed); SCJ +0.37% (held); ARKG +0.29% (held); BDRY -0.20% (held); CIBR -0.69% (held); CRWD -0.47% (held); IGV -0.56% (held); IHF -0.68% (closed); KO -0.95% (closed); SBSW -2.03% (closed); SKYY -0.30% (held); V -1.25% (closed); JNJ +0.03% (held); PBF +1.62% (held); COLO +0.19% (opened); COLO +0.19% (opened); COP +0.00% (opened); MTDR +0.00% (opened); PR +0.00% (opened); SNOW +0.00% (opened)
2026-09-17,33,0.6018,-1.1079161618177347,99.0,XOM -0.03% (held); YPF -0.31% (held); BP +0.09% (held); PAM -0.70% (held); WEAT -1.17% (held); DKL +0.07% (held); ABBV +0.58% (held); BRK-B -2.04% (held); JPXN +0.96% (held); SCJ +0.46% (held); ARKG +7.82% (held); BDRY +3.20% (held); CIBR +1.36% (held); CRWD +1.80% (held); IGV +0.78% (held); SKYY +1.54% (held); JNJ +1.10% (held); PBF +1.62% (held); COLO -0.38% (held); COLO -0.38% (held); COP +0.49% (held); MTDR -0.10% (held); PR +1.09% (held); SNOW +2.23% (held); ARKK +0.00% (opened); EMXC +0.00% (opened); EWY +0.00% (opened); KEMX +0.00% (opened); MSFT +0.00% (opened); MU +0.00% (opened); PLTR +0.00% (opened); XLG +0.00% (opened); XLK +0.00% (opened)
2026-09-18,27,-0.4426,-1.5456125248855312,81.0,XOM +0.17% (held); YPF +0.88% (held); BP -1.85% (held); PAM -2.36% (closed); WEAT -1.45% (closed); DKL +2.50% (held); ABBV -0.02% (held); BRK-B +0.11% (held); JPXN -1.27% (closed); SCJ -1.30% (closed); ARKG +0.10% (held); BDRY -0.44% (held); CIBR -1.76% (held); CRWD -3.28% (held); IGV -1.35% (closed); SKYY -1.44% (held); JNJ -0.09% (held); PBF +0.04% (held); COLO -0.63% (closed); COLO -0.63% (held); COP -1.02% (closed); MTDR -1.49% (closed); PR -1.90% (closed); SNOW -1.76% (held); ARKK +1.51% (held); EMXC +0.01% (held); EWY -0.59% (held); KEMX -0.53% (held); MSFT -0.80% (closed); MU +3.92% (held); PLTR +0.79% (held); XLG +0.35% (held); XLK +0.82% (held); MPLX +0.00% (opened); NVDA +0.00% (opened); SLV +0.00% (opened); SMH +0.00% (opened)
2026-09-21,29,0.7553,-0.8019865362860035,87.0,XOM -3.20% (closed); YPF -3.24% (held); BP -3.19% (closed); DKL -3.40% (held); ABBV +0.20% (held); BRK-B -1.52% (closed); ARKG +0.33% (held); BDRY +2.29% (held); CIBR +3.22% (held); CRWD +4.92% (held); SKYY +3.82% (held); JNJ -0.19% (held); PBF -6.10% (closed); COLO +0.47% (closed); SNOW +2.09% (held); ARKK +2.82% (held); EMXC +2.87% (held); EWY +4.33% (held); KEMX +2.88% (held); MU +2.77% (held); PLTR +3.07% (held); XLG +1.93% (held); XLK +2.77% (held); MPLX -0.59% (closed); NVDA +2.30% (held); SLV -0.50% (held); SMH +4.02% (held); ARKQ +0.00% (opened); IGV +0.00% (opened); JETS -0.00% (opened); JPXN +0.00% (opened); QTUM +0.00% (opened); SCJ +0.00% (opened); SHEL +0.00% (opened); SPY +0.00% (opened)
2026-09-23,31,-0.2823,-1.0820225282940688,93.0,YPF +1.41% (held); DKL -1.40% (closed); ABBV +0.23% (held); ARKG -1.72% (held); BDRY -0.75% (held); CIBR +0.89% (held); CRWD +5.27% (held); SKYY -0.40% (held); JNJ -0.11% (held); SNOW -1.35% (held); ARKK -1.05% (held); EMXC -1.63% (held); EWY -3.62% (held); KEMX -1.83% (held); MU -2.22% (held); PLTR +3.68% (held); XLG -0.88% (held); XLK +0.25% (held); NVDA -1.47% (held); SLV -4.23% (closed); SMH -1.00% (held); ARKQ -0.61% (held); IGV +1.26% (held); JETS +2.62% (held); JPXN -0.70% (closed); QTUM -0.39% (held); SCJ -0.54% (closed); SHEL +1.58% (held); SPY -0.72% (held); VLO +0.00% (opened); MPC +0.00% (opened); DINO +0.00% (opened); DK +0.00% (opened); PSX +0.00% (opened); BURL -0.00% (opened)
2026-09-24,31,-0.1389,-1.2194195990022694,93.0,YPF -0.59% (held); ABBV +0.02% (held); ARKG +5.13% (held); BDRY -1.19% (held); CIBR -0.79% (held); CRWD -1.07% (held); SKYY -0.38% (held); JNJ +0.56% (held); SNOW -0.24% (held); ARKK +2.15% (held); EMXC -0.67% (held); EWY -1.68% (held); KEMX -0.50% (held); MU +0.81% (held); PLTR +0.42% (held); XLG +0.13% (held); XLK -0.34% (held); NVDA -0.41% (held); SMH -0.15% (held); ARKQ +0.13% (held); IGV -0.88% (held); JETS -0.74% (held); QTUM +0.01% (held); SHEL +0.20% (held); SPY -0.07% (held); VLO +1.87% (held); MPC +0.66% (held); DINO -0.33% (held); DK -7.40% (closed); PSX -0.24% (held); BURL +0.97% (held); BWET +0.00% (opened)
2026-09-25,29,-0.2753,-1.4913625368462191,87.0,YPF -2.82% (closed); ABBV -0.29% (held); ARKG -0.32% (held); BDRY -2.85% (closed); CIBR -2.17% (held); CRWD -2.90% (held); SKYY -1.34% (held); JNJ +0.20% (held); SNOW +0.58% (held); ARKK -1.01% (held); EMXC +1.39% (held); EWY +2.55% (held); KEMX +1.38% (held); MU +0.16% (held); PLTR -1.52% (held); XLG +0.59% (held); XLK +0.80% (held); NVDA +0.22% (held); SMH +1.01% (held); ARKQ -0.37% (held); IGV -1.06% (held); JETS -1.83% (closed); QTUM +0.82% (held); SHEL +0.19% (held); SPY +0.54% (held); VLO +1.13% (held); MPC +0.66% (held); DINO +0.97% (held); PSX -0.05% (held); BURL +0.05% (held); BWET -3.89% (held); IVOL -0.00% (opened)
